authors	date	title	journal	type	volume	issue	pages	doi	id	attachment	attachmentId	corpusId	alternativeDoi	alternativeDoiUrl	zenodoResponseCorpusId
Otto | Rall | Brose	12/2007	Allometric degree distributions facilitate food-web stability	Nature	journalArticle	450	7173	1226-1229	10.1038/nature06359	https://www.zotero.org/groups/bat_literature_project/items/6RAB386Y	https://api.zotero.org/groups/5435545/items/225DJR2Q	hash://md5/6bdc818006c01cac3dd90eec4b337289	hash://md5/1cda41b660daf15c156f1e4cabf8c6f5	10.5281/zenodo.13409129	https://doi.org/10.5281/zenodo.13409129	hash://md5/227956d1913ee55e460af32b7a18de13
Horáček | Maul | Smith | Barkai | Gopher	2013	Bat remains (Mammalia, Chiroptera) from the Middle Pleistocene site of Qesem Cave, Israel, with the first Pleistocene record of fruit bats in the Mediterranean region	Palaeontologia Electronica	journalArticle				10.26879/380	https://www.zotero.org/groups/bat_literature_project/items/U7ZDRXSP	https://api.zotero.org/groups/5435545/items/225PBHZA	hash://md5/6b90b5beb4a8f39a49b39a55b0467d4f	hash://md5/1cda41b660daf15c156f1e4cabf8c6f5	10.5281/zenodo.13448551	https://doi.org/10.5281/zenodo.13448551	hash://md5/227956d1913ee55e460af32b7a18de13
Dollman	1910-02-01	On a collection of mammals made by Mr. S. A. Neave, during his expedition in Northern Rhodesia	Annals and Magazine of Natural History	journalArticle	5	26	173-181	10.1080/00222931008692748	https://www.zotero.org/groups/bat_literature_project/items/4UVD7UZS	https://api.zotero.org/groups/5435545/items/225XVRG4	hash://md5/206f0e8a3d881d8d55a2b720834bd829	hash://md5/1cda41b660daf15c156f1e4cabf8c6f5	10.5281/zenodo.18025923	https://doi.org/10.5281/zenodo.18025923	hash://md5/227956d1913ee55e460af32b7a18de13
Arango-Diago | Castillo-Figueroa | Albarracín-Caro | Pérez-Torres	12/2020	Dietary variation and reproductive status of Mormoops megalophylla (Chiroptera: Mormoopidae) in a cave of Northeastern Andes from Colombia	Mastozoología Neotropical	journalArticle	27	2	258-265	10.31687/saremMN.20.27.2.0.13	https://www.zotero.org/groups/bat_literature_project/items/LU54HZKT	https://api.zotero.org/groups/5435545/items/2262DQBI	hash://md5/543222a1df258c743f9c41a832077294	hash://md5/1cda41b660daf15c156f1e4cabf8c6f5	10.5281/zenodo.14821209	https://doi.org/10.5281/zenodo.14821209	hash://md5/227956d1913ee55e460af32b7a18de13
Goldman	1932	The status of the Costa Rican red bat	Proceedings of the Biological Society of Washington	journalArticle	45		148-148		https://www.zotero.org/groups/bat_literature_project/items/UMTEIS2R	https://api.zotero.org/groups/5435545/items/228E7EKE	hash://md5/7cfa39a13eebb69334502862c6b424de	hash://md5/1cda41b660daf15c156f1e4cabf8c6f5	10.5281/zenodo.18039374	https://doi.org/10.5281/zenodo.18039374	hash://md5/227956d1913ee55e460af32b7a18de13
Otálora-Ardila | Herrera M. | Flores-Martínez | Welch | Baker	2016-10-28	Metabolic Cost of the Activation of Immune Response in the Fish-Eating Myotis (Myotis vivesi): The Effects of Inflammation and the Acute Phase Response	PLOS ONE	journalArticle	11	10	e0164938	10.1371/journal.pone.0164938	https://www.zotero.org/groups/bat_literature_project/items/RJKJX5Q7	https://api.zotero.org/groups/5435545/items/228RX4ME	hash://md5/7d91bccf6224c5145c37c4918d0c5309	hash://md5/1cda41b660daf15c156f1e4cabf8c6f5	10.5281/zenodo.13438200	https://doi.org/10.5281/zenodo.13438200	hash://md5/227956d1913ee55e460af32b7a18de13
Salles | Park | Sundar | Macías | Elhilali | Moss	05/2020	Neural Response Selectivity to Natural Sounds in the Bat Midbrain	Neuroscience	journalArticle	434		200-211	10.1016/j.neuroscience.2019.11.047	https://www.zotero.org/groups/bat_literature_project/items/A6U8VSCE	https://api.zotero.org/groups/5435545/items/22AZIIIB	hash://md5/69d32264d5eb215237f03e4da4991b7a	hash://md5/1cda41b660daf15c156f1e4cabf8c6f5	10.5281/zenodo.13431960	https://doi.org/10.5281/zenodo.13431960	hash://md5/227956d1913ee55e460af32b7a18de13
Chubb	06/1909	The Mammals of Matabeleland	Proceedings of the Zoological Society of London	journalArticle	79	1	113-125	10.1111/j.1096-3642.1909.tb01860.x	https://www.zotero.org/groups/bat_literature_project/items/QD2XH3A3	https://api.zotero.org/groups/5435545/items/22BYR8MJ	hash://md5/950528960d8352d9613eacf7eecce642	hash://md5/1cda41b660daf15c156f1e4cabf8c6f5	10.5281/zenodo.13486320	https://doi.org/10.5281/zenodo.13486320	hash://md5/227956d1913ee55e460af32b7a18de13
De Beaux	1924	Mammiferi della Somalia Italiana raccolta del Maggiore Vittorio Tedesco Zammarano nel Museo Civico di Milano	Atti della Società Italiana di Scienze Naturali e del Museo Civico di Storia Naturale in Milano	journalArticle	62		247-316		https://www.zotero.org/groups/bat_literature_project/items/ZWWXMQXT	https://api.zotero.org/groups/5435545/items/22DSMFQA	hash://md5/9843b1d94d069e541d946a62e065ab54	hash://md5/1cda41b660daf15c156f1e4cabf8c6f5	10.5281/zenodo.18028980	https://doi.org/10.5281/zenodo.18028980	hash://md5/227956d1913ee55e460af32b7a18de13
 | Chung | Han | Han | Han | Han | Jeong | Lim	2015-06-30	The Diet Composition of the Serotine Bat, Eptesicus serotinus Revealed by Faecal Analysis	Korean Journal of Environment and Ecology	journalArticle	29	3	368-373	10.13047/KJEE.2015.29.3.368	https://www.zotero.org/groups/bat_literature_project/items/EI56E7NA	https://api.zotero.org/groups/5435545/items/22FJ9IFP	hash://md5/dd0537d7669e994244625bbf0a345d64	hash://md5/1cda41b660daf15c156f1e4cabf8c6f5	10.5281/zenodo.13478607	https://doi.org/10.5281/zenodo.13478607	hash://md5/227956d1913ee55e460af32b7a18de13
Булкина | Крускоп	2009	Search for morphological differences between genetically distinct brown long-eared bats (_Plecotus auritus_ s. lato, Vespertilionidae)	Plecotus et al.	journalArticle	11-12		3-13		https://www.zotero.org/groups/bat_literature_project/items/7FDC6PPU	https://api.zotero.org/groups/5435545/items/22GTTM2E	hash://md5/23f03ebc962358320a7529d730041818	hash://md5/1cda41b660daf15c156f1e4cabf8c6f5	10.5281/zenodo.18025867	https://doi.org/10.5281/zenodo.18025867	hash://md5/227956d1913ee55e460af32b7a18de13
Johnson | McLeod | Burns | Arseneault | Frasier | Broders | Boyles	2015-5-5	Population Genetic Structure Within and among Seasonal Site Types in the Little Brown Bat (Myotis lucifugus) and the Northern Long-Eared Bat (M. septentrionalis)	PLOS ONE	journalArticle	10	5	e0126309	10.1371/journal.pone.0126309	https://www.zotero.org/groups/bat_literature_project/items/PEGSTIR2	https://api.zotero.org/groups/5435545/items/22IDTEJ7	hash://md5/7b951c29003665dd19da8a42b31cb88b	hash://md5/1cda41b660daf15c156f1e4cabf8c6f5	10.5281/zenodo.13447984	https://doi.org/10.5281/zenodo.13447984	hash://md5/227956d1913ee55e460af32b7a18de13
Borrero-H | Hernandez-Camacho	1957	Informe Preliminar Sobre Aves y Mamiferas. de Santander, Colombia	Anales de la Sociedad de Biologia de Bogota	journalArticle	7		197-230		https://www.zotero.org/groups/bat_literature_project/items/3VU5D9TN	https://api.zotero.org/groups/5435545/items/22JWAGZL	hash://md5/5a1b9d2453a4c96a2f7fa76b447c7392	hash://md5/1cda41b660daf15c156f1e4cabf8c6f5	10.5281/zenodo.13415218	https://doi.org/10.5281/zenodo.13415218	hash://md5/227956d1913ee55e460af32b7a18de13
López-Baucells | Torrent | Rocha | E.D. Bobrowiec | M. Palmeirim | F.J. Meyer	01/2019	Stronger together: Combining automated classifiers with manual post-validation optimizes the workload vs reliability trade-off of species identification in bat acoustic surveys	Ecological Informatics	journalArticle	49		45-53	10.1016/j.ecoinf.2018.11.004	https://www.zotero.org/groups/bat_literature_project/items/EJWG2E6W	https://api.zotero.org/groups/5435545/items/22MPJU2S	hash://md5/ddc5881191d8998b86e075d0cc8bec7f	hash://md5/1cda41b660daf15c156f1e4cabf8c6f5	10.5281/zenodo.13452238	https://doi.org/10.5281/zenodo.13452238	hash://md5/227956d1913ee55e460af32b7a18de13
Shilton | Latch | Mckeown | Pert | Westcott	2008	Landscape-scale redistribution of a highly mobile threatened species, Pteropus conspicillatus (Chiroptera, Pteropodidae), in response to Tropical Cyclone Larry	Austral Ecology	journalArticle	33	4	549-561	10.1111/j.1442-9993.2008.01910.x	https://www.zotero.org/groups/bat_literature_project/items/HAXEIFHZ	https://api.zotero.org/groups/5435545/items/22Q85H7Z	hash://md5/652dbbd6ca5dac1677b286ec29a8be77	hash://md5/1cda41b660daf15c156f1e4cabf8c6f5	10.5281/zenodo.13534910	https://doi.org/10.5281/zenodo.13534910	hash://md5/227956d1913ee55e460af32b7a18de13
Nogales | Guerrero-Campos | Boulesteix | Taquet | Beierkuhnlein | Campion | Fajardo | Zurita | Arechavaleta | García | Weiser | Medina	2022-11-11	The fate of terrestrial biodiversity during an oceanic island volcanic eruption	Scientific Reports	journalArticle	12	1	19344	10.1038/s41598-022-22863-0	https://www.zotero.org/groups/bat_literature_project/items/A6ETWZ9W	https://api.zotero.org/groups/5435545/items/22RVEPE2	hash://md5/6f11f1253b4fd1d13d4e6cfb73e3b295	hash://md5/1cda41b660daf15c156f1e4cabf8c6f5	10.5281/zenodo.13440157	https://doi.org/10.5281/zenodo.13440157	hash://md5/227956d1913ee55e460af32b7a18de13
Wilkinson | South	2002	Life BlackwellScience,Ltd history, ecology and longevity in bats	Aging Cell	journalArticle	1		124-131		https://www.zotero.org/groups/bat_literature_project/items/698VRT7C	https://api.zotero.org/groups/5435545/items/22T8MIJS	hash://md5/45112c4103554ef86e666479a6eb7d56	hash://md5/1cda41b660daf15c156f1e4cabf8c6f5	10.5281/zenodo.13508902	https://doi.org/10.5281/zenodo.13508902	hash://md5/227956d1913ee55e460af32b7a18de13
Lausen | Barclay	2005	Pipistrellus nanus.  (Mammalian Species)	MAMMALIAN SPECIES	journalArticle		784	1-7		https://www.zotero.org/groups/bat_literature_project/items/82SFYWYQ	https://api.zotero.org/groups/5435545/items/22TI6AID	hash://md5/cfe3ba004c30f50a4bba361a588953d3	hash://md5/1cda41b660daf15c156f1e4cabf8c6f5	10.5281/zenodo.13449189	https://doi.org/10.5281/zenodo.13449189	hash://md5/227956d1913ee55e460af32b7a18de13
Jargalsaikhan | Ariunbold | Dalannast | Purevee | Paek | Tsagaan | Ganbold	09/2022	Molecular phylogenetic analysis of bats in the family Vespertilionidae in Mongolia	Journal of Asia-Pacific Biodiversity	journalArticle	15	3	329-335	10.1016/j.japb.2022.04.006	https://www.zotero.org/groups/bat_literature_project/items/ZIWGFQJR	https://api.zotero.org/groups/5435545/items/22UR2HSV	hash://md5/bab2545e2be186cc6a0ec9254e544ea2	hash://md5/1cda41b660daf15c156f1e4cabf8c6f5	10.5281/zenodo.13450959	https://doi.org/10.5281/zenodo.13450959	hash://md5/227956d1913ee55e460af32b7a18de13
Salari | Kotsakis	2017	Late Pleistocene bat assemblage with Eptesicus nilssonii from Grotta del Fossellone (southern Latium, central Italy)	Alpine and Mediterranean Quarterly	journalArticle	30	2	125-136		https://www.zotero.org/groups/bat_literature_project/items/X5X64TQU	https://api.zotero.org/groups/5435545/items/22W3UJHB	hash://md5/5d0cc87cb81f86d7f05252c9090e5037	hash://md5/1cda41b660daf15c156f1e4cabf8c6f5	10.5281/zenodo.18036997	https://doi.org/10.5281/zenodo.18036997	hash://md5/227956d1913ee55e460af32b7a18de13
 | Rebrov	2018-09-25	The pond bat, Myotis dasycneme, in the fauna of Luhansk region	Theriologia Ukrainica	journalArticle	2018	16	173-174	10.15407/pts2018.16.173	https://www.zotero.org/groups/bat_literature_project/items/NN9BD2I2	https://api.zotero.org/groups/5435545/items/22W59RDB	hash://md5/2289191e79ae5884cec16927e077bbb2	hash://md5/1cda41b660daf15c156f1e4cabf8c6f5	10.5281/zenodo.13438616	https://doi.org/10.5281/zenodo.13438616	hash://md5/227956d1913ee55e460af32b7a18de13
Lanza	01/1970	THE BACULUM OF PTEROPUS AND ITS SIGNIFICANCE FOR THE PHYLOGENESIS OF THE GENUS (MAMMALIA, MEGACHIROPTERA): PUBBLICAZIONI DEL CENTRO DI STUDIO SULLA FAUNISTICA E LA ECOLOGIA DELL'AFRICA ORIENTALE DEL C.N.R.: XLI	Monitore Zoologico Italiano. Supplemento	journalArticle	3	1	37-68	10.1080/03749444.1970.10736760	https://www.zotero.org/groups/bat_literature_project/items/7KH4KFQ4	https://api.zotero.org/groups/5435545/items/22W9BENY	hash://md5/c495feceeff6049827d2cf76372786e9	hash://md5/1cda41b660daf15c156f1e4cabf8c6f5	10.5281/zenodo.13448802	https://doi.org/10.5281/zenodo.13448802	hash://md5/227956d1913ee55e460af32b7a18de13
Müller | Goodman | Peichl	2007	Cone Photoreceptor Diversity in the Retinas of Fruit Bats (Megachiroptera)	Brain, Behavior and Evolution	journalArticle	70	2	90-104	10.1159/000102971	https://www.zotero.org/groups/bat_literature_project/items/C8DXZLJ9	https://api.zotero.org/groups/5435545/items/233ZNKKC	hash://md5/5c5aff97713845b44d31f834ec3a8451	hash://md5/1cda41b660daf15c156f1e4cabf8c6f5	10.5281/zenodo.13529663	https://doi.org/10.5281/zenodo.13529663	hash://md5/227956d1913ee55e460af32b7a18de13
Miranda | Azevedo-Barros | Passos	12/2007	First record of Histiotus laephotis Thomas (Chiroptera, Vespertilionidae) from Brazil	Revista Brasileira de Zoologia	journalArticle	24	4	1188-1191	10.1590/S0101-81752007000400040	https://www.zotero.org/groups/bat_literature_project/items/AFWUBZT9	https://api.zotero.org/groups/5435545/items/235AX7R8	hash://md5/632fccbc76f4aca050013c2cc2ea8ff9	hash://md5/1cda41b660daf15c156f1e4cabf8c6f5	10.5281/zenodo.13486727	https://doi.org/10.5281/zenodo.13486727	hash://md5/227956d1913ee55e460af32b7a18de13
Storz | Cheviron | McClelland | Scott	2019-05-23	Evolution of physiological performance capacities and environmental adaptation: insights from high-elevation deer mice (Peromyscus maniculatus)	Journal of Mammalogy	journalArticle	100	3	910-922	10.1093/jmammal/gyy173	https://www.zotero.org/groups/bat_literature_project/items/3AK47P2L	https://api.zotero.org/groups/5435545/items/237S9QYH	hash://md5/bf869b8c764dbd8fed8c892d698c8387	hash://md5/1cda41b660daf15c156f1e4cabf8c6f5	10.5281/zenodo.14815572	https://doi.org/10.5281/zenodo.14815572	hash://md5/227956d1913ee55e460af32b7a18de13
Laurance | Koster | Grooten | Anderson | Zuidema | Zwick | Zagt | Lynam | Linkie | Anten	09/2012	Making conservation research more relevant for conservation practitioners	Biological Conservation	journalArticle	153		164-168	10.1016/j.biocon.2012.05.012	https://www.zotero.org/groups/bat_literature_project/items/UVLUE4SK	https://api.zotero.org/groups/5435545/items/2387N9HX	hash://md5/65f1937b228fc0fdfc59d252c5df7ce6	hash://md5/1cda41b660daf15c156f1e4cabf8c6f5	10.5281/zenodo.13512924	https://doi.org/10.5281/zenodo.13512924	hash://md5/227956d1913ee55e460af32b7a18de13
Funk | Piot	2014-09-19	Mapping Ebola in wild animals for better disease control	eLife	journalArticle	3		e04565	10.7554/eLife.04565	https://www.zotero.org/groups/bat_literature_project/items/L6Z2HZPQ	https://api.zotero.org/groups/5435545/items/23B4LATI	hash://md5/f64e209d1165d8abe888918ff9143515	hash://md5/1cda41b660daf15c156f1e4cabf8c6f5	10.5281/zenodo.14819438	https://doi.org/10.5281/zenodo.14819438	hash://md5/227956d1913ee55e460af32b7a18de13
Ingala | Simmons | Wultsch | Krampis | Provost | Perkins	06/2021	Molecular diet analysis of neotropical bats based on fecal DNA metabarcoding	Ecology and Evolution	journalArticle	11	12	7474-7491	10.1002/ece3.7579	https://www.zotero.org/groups/bat_literature_project/items/N87Q2T5B	https://api.zotero.org/groups/5435545/items/23D2ZZFE	hash://md5/ac30faa59d35ddb3db9cb4f75c555cf6	hash://md5/1cda41b660daf15c156f1e4cabf8c6f5	10.5281/zenodo.13520601	https://doi.org/10.5281/zenodo.13520601	hash://md5/227956d1913ee55e460af32b7a18de13
Bogdanowicz | Juste | Owen | Sztencel	06/2005	Geometric morphometrics and cladistics: testing evolutionary relationships in mega- and microbats	Acta Chiropterologica	journalArticle	7	1	39-49	10.3161/1733-5329(2005)7[39:GMACTE]2.0.CO;2	https://www.zotero.org/groups/bat_literature_project/items/65UY2A56	https://api.zotero.org/groups/5435545/items/23DRXWFF	hash://md5/c56c62bcae802d20fe1464dc70a75225	hash://md5/1cda41b660daf15c156f1e4cabf8c6f5	10.5281/zenodo.13520466	https://doi.org/10.5281/zenodo.13520466	hash://md5/227956d1913ee55e460af32b7a18de13
Uchikawa	1982	Mites of the genera Calcarmyobia and Pteracarus (Trombidiformes, Myobiidae) parasitic on Miniopterus (Chiroptera)	Annotationes Zoologicae Japonenses	journalArticle	55	1	32-45		https://www.zotero.org/groups/bat_literature_project/items/G74RJJJA	https://api.zotero.org/groups/5435545/items/23F2E6RX	hash://md5/0af41b15fd5967c9ea58cd0e3c5f82c2	hash://md5/1cda41b660daf15c156f1e4cabf8c6f5	10.5281/zenodo.18028009	https://doi.org/10.5281/zenodo.18028009	hash://md5/227956d1913ee55e460af32b7a18de13
Durán | Saldaña-Vázquez | Graciolli | Peinado	2019-2-14	Specialization and Modularity of a Bat Fly Antagonistic Ecological Network in a Dry Tropical Forest in Northern Colombia	Acta Chiropterologica	journalArticle	20	2	503	10.3161/15081109ACC2018.20.2.020	https://www.zotero.org/groups/bat_literature_project/items/EGM9QEGQ	https://api.zotero.org/groups/5435545/items/23F4NI27	hash://md5/eb38c84a79443c0eb245a37a924fb138	hash://md5/1cda41b660daf15c156f1e4cabf8c6f5	10.5281/zenodo.13458323	https://doi.org/10.5281/zenodo.13458323	hash://md5/227956d1913ee55e460af32b7a18de13
Freeman | Lemen	09/2009	Puncture‐Resistance of Gloves for Handling Bats	The Journal of Wildlife Management	journalArticle	73	7	1251-1254	10.2193/2008-295	https://www.zotero.org/groups/bat_literature_project/items/9TETLB57	https://api.zotero.org/groups/5435545/items/23GBSN8I	hash://md5/fb616658a21e04f64b9eda190153bd9b	hash://md5/1cda41b660daf15c156f1e4cabf8c6f5	10.5281/zenodo.13490038	https://doi.org/10.5281/zenodo.13490038	hash://md5/227956d1913ee55e460af32b7a18de13
Ling | Tempero | Schamhart	2023-08-13	Using faecal DNA metabarcoding to determine the diet of the long-tailed bat, Chalinolobus tuberculatus	New Zealand Journal of Zoology	journalArticle			1-8	10.1080/03014223.2023.2240711	https://www.zotero.org/groups/bat_literature_project/items/37GB2IQZ	https://api.zotero.org/groups/5435545/items/23GSMTYE	hash://md5/f2f03125fd7dd8e1dbf14242946ced2e	hash://md5/1cda41b660daf15c156f1e4cabf8c6f5	10.5281/zenodo.13448839	https://doi.org/10.5281/zenodo.13448839	hash://md5/227956d1913ee55e460af32b7a18de13
Subudhi | Rapin | Misra | Subudhi | Rapin | Misra	2019-02-23	Immune System Modulation and Viral Persistence in Bats: Understanding Viral Spillover	Viruses	journalArticle	11	2	192	10.3390/v11020192	https://www.zotero.org/groups/bat_literature_project/items/NLZIKVTL	https://api.zotero.org/groups/5435545/items/23JNGXAI	hash://md5/4f820a8454ccdabad0eec5bc1358ebbb	hash://md5/1cda41b660daf15c156f1e4cabf8c6f5	10.5281/zenodo.13505955	https://doi.org/10.5281/zenodo.13505955	hash://md5/227956d1913ee55e460af32b7a18de13
Ripperger | Rehse | Wacker | Kalko | Schulz | Rodriguez-Herrera | Ayasse | Vincenot	2019-8-15	Nocturnal scent in a ‘bird-fig’: A cue to attract bats as additional dispersers?	PLOS ONE	journalArticle	14	8	e0220461	10.1371/journal.pone.0220461	https://www.zotero.org/groups/bat_literature_project/items/Q4GQZ2F5	https://api.zotero.org/groups/5435545/items/23LFMGAF	hash://md5/7661a3941657c323fe74f59832c6a3fd	hash://md5/1cda41b660daf15c156f1e4cabf8c6f5	10.5281/zenodo.13433270	https://doi.org/10.5281/zenodo.13433270	hash://md5/227956d1913ee55e460af32b7a18de13
Baker | Baker	2/1986	The occurrence and significance of amino acids in floral nectar	Plant Systematics and Evolution	journalArticle	151	3-4	175-186	10.1007/BF02430273	https://www.zotero.org/groups/bat_literature_project/items/JD7BZ77S	https://api.zotero.org/groups/5435545/items/23LJPYD5	hash://md5/16d1273dceadbea4e0e4fa1814b6c9fb	hash://md5/1cda41b660daf15c156f1e4cabf8c6f5	10.5281/zenodo.13411491	https://doi.org/10.5281/zenodo.13411491	hash://md5/227956d1913ee55e460af32b7a18de13
Goh | Dunker | Foster | Uversky	2020-11-06	Shell Disorder Analysis Suggests That Pangolins Offered a Window for a Silent Spread of an Attenuated SARS-CoV-2 Precursor among Humans	Journal of Proteome Research	journalArticle	19	11	4543-4552	10.1021/acs.jproteome.0c00460	https://www.zotero.org/groups/bat_literature_project/items/XK7Y5MUY	https://api.zotero.org/groups/5435545/items/23PEQYB6	hash://md5/58e57836f89c90bd7129544710676f72	hash://md5/1cda41b660daf15c156f1e4cabf8c6f5	10.5281/zenodo.13533327	https://doi.org/10.5281/zenodo.13533327	hash://md5/227956d1913ee55e460af32b7a18de13
Bahlman | Kelt	01/2007	Use of Olfaction during Prey Location by the Common Vampire Bat (Desmodus rotundus)	Biotropica	journalArticle	39	1	147-149	10.1111/j.1744-7429.2006.00218.x	https://www.zotero.org/groups/bat_literature_project/items/ZXL94KIH	https://api.zotero.org/groups/5435545/items/23PEXFGS	hash://md5/5a801dfdec8993ca2a93d73efbe4ef6a	hash://md5/1cda41b660daf15c156f1e4cabf8c6f5	10.5281/zenodo.13408185	https://doi.org/10.5281/zenodo.13408185	hash://md5/227956d1913ee55e460af32b7a18de13
Woods | Sergile | Rodríguez-Durán | Kunz	2001-06-27	Biogeography of West Indian Bats: An Ecological Perspective		bookSection			355-368		https://www.zotero.org/groups/bat_literature_project/items/2J5XPNDA	https://api.zotero.org/groups/5435545/items/23RRLDQB	hash://md5/94c3636ff0ecaa6eca1aa3e243a78838	hash://md5/1cda41b660daf15c156f1e4cabf8c6f5	10.5281/zenodo.14817102	https://doi.org/10.5281/zenodo.14817102	hash://md5/227956d1913ee55e460af32b7a18de13
Moreno | Yantén | Patiño Quíroz | Ramírez | Hernández | Sánchez	2020-10-04	Colección Mastozoológica, Museo de Historia Natural UNILLANOS MHNU-M	Mammalogy Notes	journalArticle	6	2	175	10.47603/mano.v6n2.175	https://www.zotero.org/groups/bat_literature_project/items/MZV27KMD	https://api.zotero.org/groups/5435545/items/23SK46JM	hash://md5/befa95599c5548bfc800d785bce7cc45	hash://md5/1cda41b660daf15c156f1e4cabf8c6f5	10.5281/zenodo.13480977	https://doi.org/10.5281/zenodo.13480977	hash://md5/227956d1913ee55e460af32b7a18de13
Dzuyev | Khashkulova | Kanukova | Baragunova | Sabanova | Cheprakova | Dzagurov | Dzuyev	2021-07-19	Features of the chromosome set of representatives of smoothnosed bats of the North Caucasus	South of Russia: ecology, development	journalArticle	16	2	26-38	10.18470/1992-1098-2021-2-26-38	https://www.zotero.org/groups/bat_literature_project/items/Q8DH4HQP	https://api.zotero.org/groups/5435545/items/23ST6479	hash://md5/d3acec995f416fee0c52f2df2b6366df	hash://md5/1cda41b660daf15c156f1e4cabf8c6f5	10.5281/zenodo.13488648	https://doi.org/10.5281/zenodo.13488648	hash://md5/227956d1913ee55e460af32b7a18de13
Krasnov | Korine | Burdelova | Khokhlova | Pinshow	7/2007	Between-host phylogenetic distance and feeding efficiency in hematophagous ectoparasites: rodent fleas and a bat host	Parasitology Research	journalArticle	101	2	365-371	10.1007/s00436-007-0480-4	https://www.zotero.org/groups/bat_literature_project/items/9WTUZB4F	https://api.zotero.org/groups/5435545/items/2432A4VE	hash://md5/d12f0c4c6fca7fd9574cc8b43c5eff32	hash://md5/1cda41b660daf15c156f1e4cabf8c6f5	10.5281/zenodo.13448253	https://doi.org/10.5281/zenodo.13448253	hash://md5/227956d1913ee55e460af32b7a18de13
Czaplewski | Morgan | Naeher	06/2003	Molossid Bats from the Late Tertiary of Florida with a Review of the Tertiary Molossidae of North America	Acta Chiropterologica	journalArticle	5	1	61-74	10.3161/001.005.0105	https://www.zotero.org/groups/bat_literature_project/items/G49GFJFP	https://api.zotero.org/groups/5435545/items/244VM9GW	hash://md5/97be49afb19ac9313b74735771e84115	hash://md5/1cda41b660daf15c156f1e4cabf8c6f5	10.5281/zenodo.13457574	https://doi.org/10.5281/zenodo.13457574	hash://md5/227956d1913ee55e460af32b7a18de13
Cayunda | Ibanez | Bastian	2004	ROOSTING BEHAVIOR AND ROOST SITE.CHARACTERIZATION OF PTEROPUS VAMPYRUS IN MALAGOS WATERSHED, DAVAO CITY	Agham Mindanaw	journalArticle	2		61-72		https://www.zotero.org/groups/bat_literature_project/items/NW6AZP3D	https://api.zotero.org/groups/5435545/items/247BHRR2	hash://md5/cd0951051fd50af724e13bc6d85ae396	hash://md5/1cda41b660daf15c156f1e4cabf8c6f5	10.5281/zenodo.13518201	https://doi.org/10.5281/zenodo.13518201	hash://md5/227956d1913ee55e460af32b7a18de13
Tavares | Gardner | Mcdonough | Maldonado | Gutiérrez | Velazco | Garbino	2022-12-31	Historical DNA of rare yellow-eared bats Vampyressa Thomas, 1900 (Chiroptera, Phyllostomidae) clarifies phylogeny and species boundaries within the genus	Systematics and Biodiversity	journalArticle	20	1	1-13	10.1080/14772000.2022.2117247	https://www.zotero.org/groups/bat_literature_project/items/V627UYVC	https://api.zotero.org/groups/5435545/items/247GF5M8	hash://md5/0ee96aa9639bc0eb56524c3ffd7c84b3	hash://md5/1cda41b660daf15c156f1e4cabf8c6f5	10.5281/zenodo.13421942	https://doi.org/10.5281/zenodo.13421942	hash://md5/227956d1913ee55e460af32b7a18de13
Peters	1881	Über die Chiropterengattung _Mormopterus_ und die dahin gehörigen Arten	Monatsberichte der Königlichen Preussischen Akademie der Wissenschaften zu Berlin	journalArticle	1881		482-485		https://www.zotero.org/groups/bat_literature_project/items/CQ4TS6RG	https://api.zotero.org/groups/5435545/items/24BNGN4V	hash://md5/ebb711ddc0bc4d0bc0141d01b11a3274	hash://md5/1cda41b660daf15c156f1e4cabf8c6f5	10.5281/zenodo.18027894	https://doi.org/10.5281/zenodo.18027894	hash://md5/227956d1913ee55e460af32b7a18de13
Thong | Puechmaille | Denzinger | Bates | Dietz | Csorba | Soisook | Teeling | Matsumura | Furey | Schnitzler	04/2012	Systematics of the Hipposideros turpis complex and a description of a new subspecies from Vietnam	Mammal Review	journalArticle	42	2	166-192	10.1111/j.1365-2907.2011.00202.x	https://www.zotero.org/groups/bat_literature_project/items/VKN8YTPR	https://api.zotero.org/groups/5435545/items/24DE7YXK	hash://md5/511698fe394b77fdef5e686a193bf8e4	hash://md5/1cda41b660daf15c156f1e4cabf8c6f5	10.5281/zenodo.13421111	https://doi.org/10.5281/zenodo.13421111	hash://md5/227956d1913ee55e460af32b7a18de13
Wilkins | Aherne | Bleasdale	12/2016	Vegetation community change points suggest that critical loads of nutrient nitrogen may be too high	Atmospheric Environment	journalArticle	146		324-331	10.1016/j.atmosenv.2016.07.016	https://www.zotero.org/groups/bat_literature_project/items/B8JYV8LI	https://api.zotero.org/groups/5435545/items/24FZMS7R	hash://md5/6d475bd99eaf73ecb1d4149e71336e7a	hash://md5/1cda41b660daf15c156f1e4cabf8c6f5	10.5281/zenodo.13508896	https://doi.org/10.5281/zenodo.13508896	hash://md5/227956d1913ee55e460af32b7a18de13
Bickham | McBee | Schlitter	1986-11-26	Chromosomal Variation among Seven Species of Myotis (Chiroptera: Vespertilionidae)	Journal of Mammalogy	journalArticle	67	4	746-750	10.2307/1381139	https://www.zotero.org/groups/bat_literature_project/items/SVVF338C	https://api.zotero.org/groups/5435545/items/24GM9QE6	hash://md5/91d10b7dcf9d52aa48bef85e35845aba	hash://md5/1cda41b660daf15c156f1e4cabf8c6f5	10.5281/zenodo.13475485	https://doi.org/10.5281/zenodo.13475485	hash://md5/227956d1913ee55e460af32b7a18de13
Rubio | Varzinczak | Bernardi | Passos | Miranda	2014	Bats from two sites of the Paraná State coastal area, southern Brazil	Chiroptera Neotropical	journalArticle	20	1	1255-1263		https://www.zotero.org/groups/bat_literature_project/items/R6RR5H34	https://api.zotero.org/groups/5435545/items/24HP8XEF	hash://md5/f3c24e52e4f33902857d1c600f6c89f6	hash://md5/1cda41b660daf15c156f1e4cabf8c6f5	10.5281/zenodo.18036220	https://doi.org/10.5281/zenodo.18036220	hash://md5/227956d1913ee55e460af32b7a18de13
Musser | Koopman | Califia	1982	The Sulawesian Pteropus arquatus and P. argentatus are Acerodon celebensis; the Philippine P. leucotis is an Acerodon	Journal of Mammalogy	journalArticle	63	2	319-328		https://www.zotero.org/groups/bat_literature_project/items/RT3M2M4H	https://api.zotero.org/groups/5435545/items/24IAAHVM	hash://md5/cfaf3479272247bab1eb4f664eeea839	hash://md5/1cda41b660daf15c156f1e4cabf8c6f5	10.5281/zenodo.18021925	https://doi.org/10.5281/zenodo.18021925	hash://md5/227956d1913ee55e460af32b7a18de13
Musser | Koopman | Califia	1982	The Sulawesian Pteropus arquatus and P. argentatus are Acerodon celebensis; the Philippine P. leucotis is an Acerodon	Journal of Mammalogy	journalArticle	63	2	319-328		https://www.zotero.org/groups/bat_literature_project/items/RT3M2M4H	https://api.zotero.org/groups/5435545/items/24IAAHVM	hash://md5/cfaf3479272247bab1eb4f664eeea839	hash://md5/1cda41b660daf15c156f1e4cabf8c6f5	10.5281/zenodo.13418452	https://doi.org/10.5281/zenodo.13418452	hash://md5/227956d1913ee55e460af32b7a18de13
Linden | Grass | Joubert | Tscharntke | Weier | Taylor | Struebig	08/2019	Ecosystem services and disservices by birds, bats and monkeys change with macadamia landscape heterogeneity	Journal of Applied Ecology	journalArticle	56	8	2069-2078	10.1111/1365-2664.13424	https://www.zotero.org/groups/bat_literature_project/items/Q9NTA64Q	https://api.zotero.org/groups/5435545/items/24IAUMSL	hash://md5/74b67009ad5ed9d831ece290d5f04889	hash://md5/1cda41b660daf15c156f1e4cabf8c6f5	10.5281/zenodo.13450953	https://doi.org/10.5281/zenodo.13450953	hash://md5/227956d1913ee55e460af32b7a18de13
Phillips | Anderson | Schapire	1/2006	Maximum entropy modeling of species geographic distributions	Ecological Modelling	journalArticle	190	3-4	231-259	10.1016/j.ecolmodel.2005.03.026	https://www.zotero.org/groups/bat_literature_project/items/NJSN6DGJ	https://api.zotero.org/groups/5435545/items/24JEKZFI	hash://md5/9d7577a97bdf3653bd17c864cc63bd47	hash://md5/1cda41b660daf15c156f1e4cabf8c6f5	10.5281/zenodo.13436107	https://doi.org/10.5281/zenodo.13436107	hash://md5/227956d1913ee55e460af32b7a18de13
Mariana | Zuraidawati | Ho | Kulaimi | Saleh | Shukor	2008	TICKS (IXODIDAE) AND OTHER ECTOPARASITES IN ULU MUDA FOREST RESERVE, KEDAH, MALAYSIA	SOUTHEAST ASIAN J TROP MED PUBLIC HEALTH	journalArticle	39	3			https://www.zotero.org/groups/bat_literature_project/items/PVXXNFQ3	https://api.zotero.org/groups/5435545/items/24MZQGE2	hash://md5/dbecddb93d0e2e95d839d556b38358e1	hash://md5/1cda41b660daf15c156f1e4cabf8c6f5	10.5281/zenodo.13512446	https://doi.org/10.5281/zenodo.13512446	hash://md5/227956d1913ee55e460af32b7a18de13
Bichuette | Gimenez | Arnone | Trajano	2018-12-12	An important site for conservation of bats in Brazil: Passa Três cave, São Domingos karst area, with an updated checklist for Distrito Federal (DF) and Goiás state	Subterranean Biology	journalArticle	28		39-51	10.3897/subtbiol.28.31801	https://www.zotero.org/groups/bat_literature_project/items/LR28REWC	https://api.zotero.org/groups/5435545/items/24N5HEMU	hash://md5/f72e0b96720ce66c2d94bfa1c04d3101	hash://md5/1cda41b660daf15c156f1e4cabf8c6f5	10.5281/zenodo.13489051	https://doi.org/10.5281/zenodo.13489051	hash://md5/227956d1913ee55e460af32b7a18de13
Heckley | Becker	02/2023	Tropical bat ectoparasitism in continuous versus fragmented forests: A gap analysis and preliminary meta‐analysis	Ecology and Evolution	journalArticle	13	2	e9784	10.1002/ece3.9784	https://www.zotero.org/groups/bat_literature_project/items/7D96G4XY	https://api.zotero.org/groups/5435545/items/24NEDDHH	hash://md5/a185be33b8f9fe2938b77e5f1e896f7e	hash://md5/1cda41b660daf15c156f1e4cabf8c6f5	10.5281/zenodo.13456769	https://doi.org/10.5281/zenodo.13456769	hash://md5/227956d1913ee55e460af32b7a18de13
Encarnação	5/2012	Spatiotemporal pattern of local sexual segregation in a tree-dwelling temperate bat Myotis daubentonii	Journal of Ethology	journalArticle	30	2	271-278	10.1007/s10164-011-0323-8	https://www.zotero.org/groups/bat_literature_project/items/M3A2ABP5	https://api.zotero.org/groups/5435545/items/24NULURV	hash://md5/7b961d9e1d290856b826efd80e0c52a2	hash://md5/1cda41b660daf15c156f1e4cabf8c6f5	10.5281/zenodo.13474549	https://doi.org/10.5281/zenodo.13474549	hash://md5/227956d1913ee55e460af32b7a18de13
Arlettaz | Beck	1994	Où se situe la limite nord de répartition géographique de Myotis blythii (Chiroptera: Vespertilionidae) en Europe centrale?	Z. Saugetierkunde	journalArticle	59		181-188		https://www.zotero.org/groups/bat_literature_project/items/Y7SZ6LN6	https://api.zotero.org/groups/5435545/items/24SFJAY5	hash://md5/59b469bc5cd194b1913c3f8fe72bd2cc	hash://md5/1cda41b660daf15c156f1e4cabf8c6f5	10.5281/zenodo.13492460	https://doi.org/10.5281/zenodo.13492460	hash://md5/227956d1913ee55e460af32b7a18de13
Hu | Lam | Todorovic | Dietterich | OLeary | Cirranello | Simmons | Velazco	12/2013	Zero-Shot Learning and Detection of Teeth in Images of Bat Skulls		conferencePaper			203-209	10.1109/ICCVW.2013.34	https://www.zotero.org/groups/bat_literature_project/items/27YUQE9Q	https://api.zotero.org/groups/5435545/items/24UFQVSG	hash://md5/fafe9e2d85685d82d3878b5429e81113	hash://md5/1cda41b660daf15c156f1e4cabf8c6f5	10.5281/zenodo.13520667	https://doi.org/10.5281/zenodo.13520667	hash://md5/227956d1913ee55e460af32b7a18de13
Hoppe | Simões | Pimenta | Moreira | Marinho | Ditchfield	07/2014	First occurrence of Nyctinomops macrotis (Gray, 1839) (Chiroptera: Molossidae) in Espírito Santo, southeastern Brazil	Check List	journalArticle	10	2	411-413	10.15560/10.2.411	https://www.zotero.org/groups/bat_literature_project/items/GRENSV6S	https://api.zotero.org/groups/5435545/items/24V667ZB	hash://md5/59ecd53267902ffbf3ab82ed77b02628	hash://md5/1cda41b660daf15c156f1e4cabf8c6f5	10.5281/zenodo.13452801	https://doi.org/10.5281/zenodo.13452801	hash://md5/227956d1913ee55e460af32b7a18de13
Lina | 	2016	Common names of european bats		book					https://www.zotero.org/groups/bat_literature_project/items/H9HKWSST	https://api.zotero.org/groups/5435545/items/24WBR7V6	hash://md5/aa5330c662fa53a019c76f1f7ade2667	hash://md5/1cda41b660daf15c156f1e4cabf8c6f5	10.5281/zenodo.13445411	https://doi.org/10.5281/zenodo.13445411	hash://md5/227956d1913ee55e460af32b7a18de13
Zhou | Li | Liu | Chiu | Zhao | Wang | Wei | Lee | Zhang | Chu | Cai | Yip | Chan | Wong | Tsang | Chan | Chan | To | Chen | Yuen	2020-07	Infection of bat and human intestinal organoids by SARS-CoV-2	Nature Medicine	journalArticle	26	7	1077-1083	10.1038/s41591-020-0912-6	https://www.zotero.org/groups/bat_literature_project/items/64QZGFE2	https://api.zotero.org/groups/5435545/items/24XLLW8K	hash://md5/1e7ef2c8d1a088aff2ecc491df255f1a	hash://md5/1cda41b660daf15c156f1e4cabf8c6f5	10.5281/zenodo.13535078	https://doi.org/10.5281/zenodo.13535078	hash://md5/227956d1913ee55e460af32b7a18de13
Khatri-Chhetri | Wang | Chen | Shih | Liao | Sun | Khatri-Chhetri | Wu | Pei	2016-10	Surveillance of ticks and associated pathogens in free-ranging Formosan pangolins (Manis pentadactyla pentadactyla)	Ticks and Tick-Borne Diseases	journalArticle	7	6	1238-1244	10.1016/j.ttbdis.2016.07.007	https://www.zotero.org/groups/bat_literature_project/items/DYT7R32Z	https://api.zotero.org/groups/5435545/items/24YIM2QX	hash://md5/b10c2e51258f2a30220b5f12b55a5778	hash://md5/1cda41b660daf15c156f1e4cabf8c6f5	10.5281/zenodo.13527189	https://doi.org/10.5281/zenodo.13527189	hash://md5/227956d1913ee55e460af32b7a18de13
Ayala-Berdon | Medina-Bello	2023-10-02	Torpor energetics are related to the interaction between body mass and climate in bats of the family Vespertilionidae		preprint				10.1101/2023.09.30.560312	https://www.zotero.org/groups/bat_literature_project/items/MU9JPDCX	https://api.zotero.org/groups/5435545/items/253F3HBL	hash://md5/eac0597808d7f294d45b7d81831e4c9f	hash://md5/1cda41b660daf15c156f1e4cabf8c6f5	10.5281/zenodo.13532439	https://doi.org/10.5281/zenodo.13532439	hash://md5/227956d1913ee55e460af32b7a18de13
Srinivasulu | Srinivasulu | Srinivasulu | Gopi | Dar | Bates | Rossiter | Jones	12/2017	Recent Surveys of Bats from the Andaman Islands, India: Diversity, Distribution, and Echolocation characteristics	Acta Chiropterologica	journalArticle	19	2	419-437	10.3161/15081109ACC2017.19.2.018	https://www.zotero.org/groups/bat_literature_project/items/DNWM2ZGB	https://api.zotero.org/groups/5435545/items/258B4526	hash://md5/9aa664f85b26649273b65ea151ec1cc8	hash://md5/1cda41b660daf15c156f1e4cabf8c6f5	10.5281/zenodo.13419639	https://doi.org/10.5281/zenodo.13419639	hash://md5/227956d1913ee55e460af32b7a18de13
Galetti | Keuroghlian | Hanada | Morato	12/2001	Frugivory and Seed Dispersal by the Lowland Tapir (Tapirus terrestris) in Southeast Brazi	Biotropica	journalArticle	33	4	723-726	10.1111/j.1744-7429.2001.tb00232.x	https://www.zotero.org/groups/bat_literature_project/items/R2Q6VISK	https://api.zotero.org/groups/5435545/items/259CGXKT	hash://md5/23b9add9b0c45a382de412bc1b99f09f	hash://md5/1cda41b660daf15c156f1e4cabf8c6f5	10.5281/zenodo.13412894	https://doi.org/10.5281/zenodo.13412894	hash://md5/227956d1913ee55e460af32b7a18de13
Vivas-Toro | Ortega | Baeza	11/2021	The complete mitochondrial genome of the Honduran white bat Ectophylla alba (Allen 1982) (Chiroptera: Phyllostomidae)	Gene	journalArticle	802		145868	10.1016/j.gene.2021.145868	https://www.zotero.org/groups/bat_literature_project/items/HZIAZFCH	https://api.zotero.org/groups/5435545/items/25AGM777	hash://md5/9e2a695ee1cd898fe45407e775e2ae95	hash://md5/1cda41b660daf15c156f1e4cabf8c6f5	10.5281/zenodo.14817044	https://doi.org/10.5281/zenodo.14817044	hash://md5/227956d1913ee55e460af32b7a18de13
Luo | Moss	2017-10-10	Echolocating bats rely on audiovocal feedback to adapt sonar signal design	Proceedings of the National Academy of Sciences	journalArticle	114	41	10978-10983	10.1073/pnas.1711892114	https://www.zotero.org/groups/bat_literature_project/items/ZKIZX72K	https://api.zotero.org/groups/5435545/items/25B6HNXZ	hash://md5/a5027b9f17e942d8d8dc72a5e0075f3a	hash://md5/1cda41b660daf15c156f1e4cabf8c6f5	10.5281/zenodo.13447979	https://doi.org/10.5281/zenodo.13447979	hash://md5/227956d1913ee55e460af32b7a18de13
Piksa	1998	The chiropterofauna of the Polish Tatra Mts.	Vespertilio	journalArticle	3		93-100		https://www.zotero.org/groups/bat_literature_project/items/AMC88JCL	https://api.zotero.org/groups/5435545/items/25BT6NWN	hash://md5/fc2ac21ae4fb05537e3c2caeb11a0105	hash://md5/1cda41b660daf15c156f1e4cabf8c6f5	10.5281/zenodo.13499682	https://doi.org/10.5281/zenodo.13499682	hash://md5/227956d1913ee55e460af32b7a18de13
Da Silva | Almeida | Silva | Oprea | Mendes | Brito | Bernardi Vieira	12/2021	Temporal changes in the potential geographic distribution of Histiotus velatus (Chiroptera, Vespertilionidae), the “decade effect”	Ecology and Evolution	journalArticle	11	23	16972-16980	10.1002/ece3.8333	https://www.zotero.org/groups/bat_literature_project/items/T55BIVRN	https://api.zotero.org/groups/5435545/items/25C2BLJC	hash://md5/2c7646ea3ae6f88e347c7d8dcc8bd748	hash://md5/1cda41b660daf15c156f1e4cabf8c6f5	10.5281/zenodo.13468880	https://doi.org/10.5281/zenodo.13468880	hash://md5/227956d1913ee55e460af32b7a18de13
Delgado-Sarmiento | Herrera-Sepúlveda | Pavía | Pérez-Torres | Cuervo	04/2016	Trypanosoma cruzi infection in the heart of Colombian wild bats	International Journal of Infectious Diseases	journalArticle	45		356-357	10.1016/j.ijid.2016.02.768	https://www.zotero.org/groups/bat_literature_project/items/LKR8LBJU	https://api.zotero.org/groups/5435545/items/25F8WZ6S	hash://md5/6123b9ba9091fe03a0a50d489a17a184	hash://md5/1cda41b660daf15c156f1e4cabf8c6f5	10.5281/zenodo.13472949	https://doi.org/10.5281/zenodo.13472949	hash://md5/227956d1913ee55e460af32b7a18de13
Ribeiro | Bigai | Faria | Costa	2021-12-31	Mamíferos do Museu de Zoologia Newton Baião de Azevedo da Universidade do Estado de Minas Gerais – Unidade Carangola: representatividade e uso público	Brazilian Journal of Mammalogy	journalArticle		e90	e90202117	10.32673/bjm.vie90.17	https://www.zotero.org/groups/bat_literature_project/items/B2VFCGYZ	https://api.zotero.org/groups/5435545/items/25I5A22U	hash://md5/58740f22f6b82a3b5737a52d6fc8fdae	hash://md5/1cda41b660daf15c156f1e4cabf8c6f5	10.5281/zenodo.13433266	https://doi.org/10.5281/zenodo.13433266	hash://md5/227956d1913ee55e460af32b7a18de13
Balmori | Quetglas	2000	Análisis de los Daños por Anillamiento en Murciélagos	BARBASTELLA	journalArticle	1				https://www.zotero.org/groups/bat_literature_project/items/4CPWYQJ4	https://api.zotero.org/groups/5435545/items/25JYB9QI	hash://md5/17103b3a32317ab3dcd7872d213e95b4	hash://md5/1cda41b660daf15c156f1e4cabf8c6f5	10.5281/zenodo.14821733	https://doi.org/10.5281/zenodo.14821733	hash://md5/227956d1913ee55e460af32b7a18de13
Rueegger	2019-01-28	Variation in Summer and Winter Microclimate in Multi-Chambered Bat Boxes in Eastern Australia: Potential Eco-Physiological Implications for Bats	Environments	journalArticle	6	2	13	10.3390/environments6020013	https://www.zotero.org/groups/bat_literature_project/items/LYZYXG45	https://api.zotero.org/groups/5435545/items/25JZAIFB	hash://md5/9af4ddd7d30445d2216b24ed3302433e	hash://md5/1cda41b660daf15c156f1e4cabf8c6f5	10.5281/zenodo.13429424	https://doi.org/10.5281/zenodo.13429424	hash://md5/227956d1913ee55e460af32b7a18de13
Alviz | Pérez-Torres	2020-6-30	A difference between sexes: temporal variation in the diet of Carollia perspicillata (Chiroptera, Phyllostomidae) at the Macaregua cave, Santander (Colombia)	Animal Biodiversity and Conservation	journalArticle			27-35	10.32800/abc.2020.43.0027	https://www.zotero.org/groups/bat_literature_project/items/FEMH87RI	https://api.zotero.org/groups/5435545/items/25K3CNXT	hash://md5/2332c5e76b1c848190518afebf67fe47	hash://md5/1cda41b660daf15c156f1e4cabf8c6f5	10.5281/zenodo.13460416	https://doi.org/10.5281/zenodo.13460416	hash://md5/227956d1913ee55e460af32b7a18de13
Brinkmann | Niermann	2007	Erste Untersuchungen zum Status und zur Lebensraumnutzung der Nymphenfledermaus (_Myotis alcathoe_) am südlichen Oberrhein (Baden-Württemberg)	Mitteilungen des Badischen Landesvereins für Naturkunde und Naturschutz	journalArticle	20	1	197-210		https://www.zotero.org/groups/bat_literature_project/items/RHK5X9RB	https://api.zotero.org/groups/5435545/items/25K6H8KP	hash://md5/4da594e70c476d4e3a746d1011210af3	hash://md5/1cda41b660daf15c156f1e4cabf8c6f5	10.5281/zenodo.18027612	https://doi.org/10.5281/zenodo.18027612	hash://md5/227956d1913ee55e460af32b7a18de13
Bumrungsri | Harbit | Benzie | Carmouche | Sridith | Racey	9/2008	The pollination ecology of two species of Parkia (Mimosaceae) in southern Thailand	Journal of Tropical Ecology	journalArticle	24	05	467-475	10.1017/S0266467408005191	https://www.zotero.org/groups/bat_literature_project/items/A3NME5DM	https://api.zotero.org/groups/5435545/items/25LA98I4	hash://md5/d8860a5563fd57723ac5a0bf2a27c2e0	hash://md5/1cda41b660daf15c156f1e4cabf8c6f5	10.5281/zenodo.14820672	https://doi.org/10.5281/zenodo.14820672	hash://md5/227956d1913ee55e460af32b7a18de13
Schmid | Schmid | Zillikens | Harter‐Marques | Steiner	01/2011	Bimodal pollination system of the bromeliad Aechmea nudicaulis involving hummingbirds and bees	Plant Biology	journalArticle	13	s1	41-50	10.1111/j.1438-8677.2010.00348.x	https://www.zotero.org/groups/bat_literature_project/items/5DTYK9JZ	https://api.zotero.org/groups/5435545/items/25NDPKK3	hash://md5/78e30c3cd32fcd64a3ba2e8dde9c92c3	hash://md5/1cda41b660daf15c156f1e4cabf8c6f5	10.5281/zenodo.13410770	https://doi.org/10.5281/zenodo.13410770	hash://md5/227956d1913ee55e460af32b7a18de13
Esbérard | Biavatti | Carvalho | Costa | Godoy | Gomes | Luz | Pol | Silva | Tato | Graciolli	09/2014	Trichobius longipes (Diptera, Streblidae) as a parasite of Phyllostomus hastatus(Chiroptera, Phyllostomidae)	Revista Brasileira de Parasitologia Veterinária	journalArticle	23	3	315-319	10.1590/S1984-29612014066	https://www.zotero.org/groups/bat_literature_project/items/G6DVJ8WQ	https://api.zotero.org/groups/5435545/items/25RF2V73	hash://md5/05befc008e39929682b74a783f2e5e8d	hash://md5/1cda41b660daf15c156f1e4cabf8c6f5	10.5281/zenodo.13486706	https://doi.org/10.5281/zenodo.13486706	hash://md5/227956d1913ee55e460af32b7a18de13
Emerson | Roark	04/2007	Composition of guano produced by frugivorous, sanguivorous, and insectivorous bats	Acta Chiropterologica	journalArticle	9	1	261-267	10.3161/1733-5329(2007)9[261:COGPBF]2.0.CO;2	https://www.zotero.org/groups/bat_literature_project/items/6HMEYYEI	https://api.zotero.org/groups/5435545/items/25USYI8S	hash://md5/65dd54ee042699a427a558fea6ebe39f	hash://md5/1cda41b660daf15c156f1e4cabf8c6f5	10.5281/zenodo.13520473	https://doi.org/10.5281/zenodo.13520473	hash://md5/227956d1913ee55e460af32b7a18de13
Teixeira | Corrêa | Fischer	04/2009	Frugivory by Artibeus jamaicensis (Phyllostomidae) bats in the Pantanal, Brazil	Studies on Neotropical Fauna and Environment	journalArticle	44	1	7-15	10.1080/01650520802692283	https://www.zotero.org/groups/bat_literature_project/items/TP9RT65M	https://api.zotero.org/groups/5435545/items/25W2YA25	hash://md5/a27703104d0ecabde4473ae29eee6ff2	hash://md5/1cda41b660daf15c156f1e4cabf8c6f5	10.5281/zenodo.13408173	https://doi.org/10.5281/zenodo.13408173	hash://md5/227956d1913ee55e460af32b7a18de13
Baigger | Perony | Reuter | Leinert | Melber | Grünberger | Fleischmann | Kerth	9/2013	Bechstein’s bats maintain individual social links despite a complete reorganisation of their colony structure	Naturwissenschaften	journalArticle	100	9	895-898	10.1007/s00114-013-1090-x	https://www.zotero.org/groups/bat_literature_project/items/NTAFEUCT	https://api.zotero.org/groups/5435545/items/25XB7I3C	hash://md5/7511c5b60852ebd3ec5ade8b6adb2566	hash://md5/1cda41b660daf15c156f1e4cabf8c6f5	10.5281/zenodo.13482834	https://doi.org/10.5281/zenodo.13482834	hash://md5/227956d1913ee55e460af32b7a18de13
Harrison	1963	Report on a collection of bats (Microchiroptera) from N. W. Iran	Zeitschrift für Säugetierkunde	journalArticle	28		301-308		https://www.zotero.org/groups/bat_literature_project/items/PUZW3GHI	https://api.zotero.org/groups/5435545/items/25XDX6JJ	hash://md5/8d014b083b1add365a5635486d40bb39	hash://md5/1cda41b660daf15c156f1e4cabf8c6f5	10.5281/zenodo.18036737	https://doi.org/10.5281/zenodo.18036737	hash://md5/227956d1913ee55e460af32b7a18de13
Walker | Widen | Firth | Blasdell | Wood | Travassos da Rosa | Guzman | Tesh | Vasilakis	Nov 2015	Genomic Characterization of Yogue, Kasokero, Issyk-Kul, Keterah, Gossas, and Thiafora Viruses: Nairoviruses Naturally Infecting Bats, Shrews, and Ticks	Am J Trop Med Hyg	journalArticle	93	5	1041-51	10.4269/ajtmh.15-0344	https://www.zotero.org/groups/bat_literature_project/items/UL9U5U64	https://api.zotero.org/groups/5435545/items/264N58RD	hash://md5/645b74e954667b79677b788958905dc8	hash://md5/1cda41b660daf15c156f1e4cabf8c6f5	10.5281/zenodo.13529842	https://doi.org/10.5281/zenodo.13529842	hash://md5/227956d1913ee55e460af32b7a18de13
Kobayashi | Masuda | Haga | Matsui | Fukui | Machimura	05/2021	Development of a species identification system of Japanese bats from echolocation calls using convolutional neural networks	Ecological Informatics	journalArticle	62		101253	10.1016/j.ecoinf.2021.101253	https://www.zotero.org/groups/bat_literature_project/items/TYK5ZE9D	https://api.zotero.org/groups/5435545/items/2662J9ZU	hash://md5/2fedc2928150cbc6f8a4e9eee0950cae	hash://md5/1cda41b660daf15c156f1e4cabf8c6f5	10.5281/zenodo.13468255	https://doi.org/10.5281/zenodo.13468255	hash://md5/227956d1913ee55e460af32b7a18de13
Warner	1982	Warner_RM_1982.pdf	Mammalian Species	journalArticle		191	1-3		https://www.zotero.org/groups/bat_literature_project/items/98LGNS98	https://api.zotero.org/groups/5435545/items/269TKSA8	hash://md5/19572229d80857db6834fe25643be899	hash://md5/1cda41b660daf15c156f1e4cabf8c6f5	10.5281/zenodo.13423750	https://doi.org/10.5281/zenodo.13423750	hash://md5/227956d1913ee55e460af32b7a18de13
Orozco-Lugo | Valenzuela-Galván | Vázquez | Rhodes | De León-Ibarra | Hernández | Copa-Alvaro | Agatón | De La Peña-Domene	12/2008	Velvety Fruit-Eating Bat (Enchistenes hartii; Phyllostomidae) in Morelos, Mexico	The Southwestern Naturalist	journalArticle	53	4	517-520	10.1894/CLG-02.1	https://www.zotero.org/groups/bat_literature_project/items/4AQJBLLA	https://api.zotero.org/groups/5435545/items/26CSCZ52	hash://md5/4c9bde9213cbce1367f4ed6e9e407279	hash://md5/1cda41b660daf15c156f1e4cabf8c6f5	10.5281/zenodo.13438196	https://doi.org/10.5281/zenodo.13438196	hash://md5/227956d1913ee55e460af32b7a18de13
Kirk	05/1865	On a new species of Bat from Zambesia	Annals and Magazine of Natural History	journalArticle	15	89	436-436	10.1080/00222936508681836	https://www.zotero.org/groups/bat_literature_project/items/MW3K74XI	https://api.zotero.org/groups/5435545/items/26EC7JXD	hash://md5/a74d31b431612e0b581b8226f94a3803	hash://md5/1cda41b660daf15c156f1e4cabf8c6f5	10.5281/zenodo.13418070	https://doi.org/10.5281/zenodo.13418070	hash://md5/227956d1913ee55e460af32b7a18de13
Bonn	01/2004	Bats and the emerging threat of rabies	The Lancet Infectious Diseases	journalArticle	4	1	8	10.1016/S1473-3099(03)00882-X	https://www.zotero.org/groups/bat_literature_project/items/F797TQZT	https://api.zotero.org/groups/5435545/items/26ER9YSM	hash://md5/c456317e21a3786677116f71c0dc551e	hash://md5/1cda41b660daf15c156f1e4cabf8c6f5	10.5281/zenodo.13514960	https://doi.org/10.5281/zenodo.13514960	hash://md5/227956d1913ee55e460af32b7a18de13
Bezerra | Escarlate-Tavares | Marinho-Filho	06/2005	First record of Thyroptera discifera (Chiroptera: Thyropteridae) in the Cerrado of Central Brazil	Acta Chiropterologica	journalArticle	7	1	165-170	10.3161/1733-5329(2005)7[165:FROTDC]2.0.CO;2	https://www.zotero.org/groups/bat_literature_project/items/EW3QPIC3	https://api.zotero.org/groups/5435545/items/26HIKLZC	hash://md5/6d831854e3388f5135f094802a2fe911	hash://md5/1cda41b660daf15c156f1e4cabf8c6f5	10.5281/zenodo.13520459	https://doi.org/10.5281/zenodo.13520459	hash://md5/227956d1913ee55e460af32b7a18de13
Dressler | Mutschlechner | Li | Kapitza | Ripperger | Eibel | Herzog | Hönig | Schröder-Preikschat	2016-03-21	Monitoring Bats in the Wild: On Using Erasure Codes for Energy-Efficient Wireless Sensor Networks	ACM Transactions on Sensor Networks	journalArticle	12	1	1-29	10.1145/2875426	https://www.zotero.org/groups/bat_literature_project/items/LEC5PQLN	https://api.zotero.org/groups/5435545/items/26IB6TUQ	hash://md5/9b202d76e0e9ccb4bd8abbb248d9ac06	hash://md5/1cda41b660daf15c156f1e4cabf8c6f5	10.5281/zenodo.13457344	https://doi.org/10.5281/zenodo.13457344	hash://md5/227956d1913ee55e460af32b7a18de13
 | Lisón | A. | Calvo | 	06/2014	Preferencia de hábitat del murciélago hortelano meridional Eptesicus isabellinus (Temminck, 1840) en ambientes mediterráneos semiáridos	Animal Biodiversity and Conservation	journalArticle	37	1	59-67	10.32800/abc.2014.37.0059	https://www.zotero.org/groups/bat_literature_project/items/KIBY8C9R	https://api.zotero.org/groups/5435545/items/26IXJRDM	hash://md5/e44d8151d7077aab9d81c42e3cddc4f0	hash://md5/1cda41b660daf15c156f1e4cabf8c6f5	10.5281/zenodo.13454472	https://doi.org/10.5281/zenodo.13454472	hash://md5/227956d1913ee55e460af32b7a18de13
Kaur | Srinivasulu | Shah | Devender | Srinivasulu	2017-12-01	Updates on the distribution of the Cantor&rsquo;s Leaf-nosed Bat,&nbsp;Hipposideros galeritus Cantor, 1846 (Chiroptera, Hipposideridae):&nbsp;new records from peninsular India	Check List	journalArticle	13	6	909-912	10.15560/13.6.909	https://www.zotero.org/groups/bat_literature_project/items/4T6FXBB2	https://api.zotero.org/groups/5435545/items/26L6HSJR	hash://md5/99fe5d49d9d193f70b17f043f4792751	hash://md5/1cda41b660daf15c156f1e4cabf8c6f5	10.5281/zenodo.13466811	https://doi.org/10.5281/zenodo.13466811	hash://md5/227956d1913ee55e460af32b7a18de13
Kryštufek	06/2005	Distributional status of the Indian flying fox Pteropus giganteus in Sri Lanka	Acta Chiropterologica	journalArticle	7	1	174-178	10.3161/1733-5329(2005)7[174:DSOTIF]2.0.CO;2	https://www.zotero.org/groups/bat_literature_project/items/PL8DY4WI	https://api.zotero.org/groups/5435545/items/26QGLZ7H	hash://md5/eefb344f6be20435bd133807bf177132	hash://md5/1cda41b660daf15c156f1e4cabf8c6f5	10.5281/zenodo.13519839	https://doi.org/10.5281/zenodo.13519839	hash://md5/227956d1913ee55e460af32b7a18de13
Alberdi | Aihartza | Albero | Aizpurua | López-Baucells | Freixas | Puig | Flaquer | Garin	2012-01-01	First records of the parti-coloured bat _Vespertilio murinus_ (Chiroptera: Vespertilionidae) in the Pyrenees	Mammalia	journalArticle	76	1	109-111	10.1515/MAMM.2011.106	https://www.zotero.org/groups/bat_literature_project/items/D3TNMTWB	https://api.zotero.org/groups/5435545/items/26RD86TV	hash://md5/e7b0782e5052b75f4a41a043a8317b6c	hash://md5/1cda41b660daf15c156f1e4cabf8c6f5	10.5281/zenodo.18024649	https://doi.org/10.5281/zenodo.18024649	hash://md5/227956d1913ee55e460af32b7a18de13
Florko | Bohn | Kalcounis-Rueppell | Brigham	03/2017	A 23-Year-Old Little Brown Bat (Myotis lucifugus) Record From Southwest Saskatchewan, Canada	Northwestern Naturalist	journalArticle	98	1	57-59	10.1898/NWN16-19.1	https://www.zotero.org/groups/bat_literature_project/items/4TZHYV4H	https://api.zotero.org/groups/5435545/items/26T8S6KT	hash://md5/5e58a796ee003d9efd4b689200adc52b	hash://md5/1cda41b660daf15c156f1e4cabf8c6f5	10.5281/zenodo.13483224	https://doi.org/10.5281/zenodo.13483224	hash://md5/227956d1913ee55e460af32b7a18de13
Mursyid | Achmadi | Novarino | Handika | Nugroho | Anita | Adams | Rowe | Rowe	2023-12-13	Trypanosoma (Euglenozoa: Kinetoplastea) infections in rodents, bats, and shrews along an elevation and disturbance gradient in Central Sulawesi, Indonesia	Records of the Australian Museum	journalArticle	75	5	663-671	10.3853/j.2201-4349.75.2023.1786	https://www.zotero.org/groups/bat_literature_project/items/UVN7T6TL	https://api.zotero.org/groups/5435545/items/26VRL92N	hash://md5/7286de933e0d08241f6303cb552013bd	hash://md5/1cda41b660daf15c156f1e4cabf8c6f5	10.5281/zenodo.13440599	https://doi.org/10.5281/zenodo.13440599	hash://md5/227956d1913ee55e460af32b7a18de13
Ibáñez	1981	Descripción de un nuevo género de quiróptero neotropical de la familia Molossidae	Acta vertebrata	journalArticle	7	1	104-111		https://www.zotero.org/groups/bat_literature_project/items/M639WST9	https://api.zotero.org/groups/5435545/items/26VZ2NXG	hash://md5/f22423f1204bb93ce8d4ff7326a0c74c	hash://md5/1cda41b660daf15c156f1e4cabf8c6f5	10.5281/zenodo.18022222	https://doi.org/10.5281/zenodo.18022222	hash://md5/227956d1913ee55e460af32b7a18de13
Vesterinen | Ruokolainen | Wahlberg | Peña | Roslin | Laine | Vasko | Sääksjärvi | Norrdahl | Lilley	04/2016	What you need is what you eat? Prey selection by the bat Myotis daubentonii	Molecular Ecology	journalArticle	25	7	1581-1594	10.1111/mec.13564	https://www.zotero.org/groups/bat_literature_project/items/CMJY4F34	https://api.zotero.org/groups/5435545/items/26WY8M3L	hash://md5/5408a9be4deef1cd1fd1298ab7ba8ee7	hash://md5/1cda41b660daf15c156f1e4cabf8c6f5	10.5281/zenodo.13481981	https://doi.org/10.5281/zenodo.13481981	hash://md5/227956d1913ee55e460af32b7a18de13
